method,use,video,labeled,ms_per_frame,mask_ms,cbem_frames,cbem_recall,cbem_precision,cbem_f1,pub_frames,pub_f1
m0_baseline,yellow,vidd_1,45,30257.3,27.6,7,59.07,95.99,69.99,50,62.33
m0_baseline,yellow,vidd_2,39,7570.0,25.5,10,78.3,88.89,83.24,48,68.69
m0_baseline,yellow,vidd_3,16,1455.2,22.9,0,,,,42,32.77
m1_otsu,yellow,vidd_1,43,26123.0,82.5,7,52.55,99.39,66.24,50,58.24
m1_otsu,yellow,vidd_2,29,7234.5,64.8,10,78.26,83.7,80.8,48,50.72
m1_otsu,yellow,vidd_3,2,571.1,57.5,0,,,,42,4.54
m2_gmm,yellow,vidd_1,44,29544.4,1739.9,7,52.54,99.45,66.03,50,57.81
m2_gmm,yellow,vidd_2,34,11966.3,1116.6,10,79.62,62.1,67.54,48,49.62
m2_gmm,yellow,vidd_3,19,26380.2,1156.6,0,,,,42,13.71
m3_tree,yellow,vidd_1,45,27820.5,129.6,7,54.21,99.21,67.61,50,59.65
m3_tree,yellow,vidd_2,48,37295.0,132.3,10,80.95,41.25,54.64,48,56.28
m3_tree,yellow,vidd_3,35,33010.5,114.0,0,,,,42,45.98
m4_logreg,yellow,vidd_1,29,22756.8,312.1,7,15.98,42.86,22.13,50,34.05
m4_logreg,yellow,vidd_2,41,12227.9,346.9,10,79.21,81.36,80.23,48,67.85
m4_logreg,yellow,vidd_3,35,32129.4,298.3,0,,,,42,45.88
m5_mlp,yellow,vidd_1,44,24164.1,1612.2,7,53.92,98.47,67.0,50,59.52
m5_mlp,yellow,vidd_2,39,9160.7,1475.1,10,80.95,82.83,81.86,48,68.41
m5_mlp,yellow,vidd_3,18,5271.6,1380.0,0,,,,42,40.38
m0_baseline,both,vidd_1,45,24338.8,23.9,7,59.07,95.99,69.99,50,62.33
m0_baseline,both,vidd_2,39,6382.4,18.9,10,78.3,88.89,83.24,48,68.69
m0_baseline,both,vidd_3,16,1173.8,18.6,0,,,,42,32.77
m1_otsu,both,vidd_1,43,31775.6,56.0,7,48.9,92.86,61.51,50,51.73
m1_otsu,both,vidd_2,30,62132.1,39.3,10,78.26,63.39,67.34,48,38.48
m1_otsu,both,vidd_3,16,50832.5,49.2,0,,,,42,9.71
m2_gmm,both,vidd_1,47,29234.7,1408.0,7,52.54,99.45,66.03,50,52.39
m2_gmm,both,vidd_2,34,15517.4,974.3,10,80.95,41.21,54.61,48,41.84
m2_gmm,both,vidd_3,19,23633.5,940.1,0,,,,42,12.48
m3_tree,both,vidd_1,47,24539.6,102.3,7,54.21,99.21,67.61,50,59.03
m3_tree,both,vidd_2,48,33020.6,110.3,10,80.95,41.25,54.64,48,56.28
m3_tree,both,vidd_3,35,29390.5,95.0,0,,,,42,45.89
m4_logreg,both,vidd_1,47,27226.8,250.7,7,56.23,98.23,68.77,50,58.76
m4_logreg,both,vidd_2,41,9446.4,248.1,10,80.04,57.11,65.47,48,56.24
m4_logreg,both,vidd_3,35,24779.3,233.1,0,,,,42,45.88
m5_mlp,both,vidd_1,47,20584.2,1306.1,7,53.92,98.47,67.0,50,59.82
m5_mlp,both,vidd_2,39,10724.4,1710.5,10,80.95,82.43,81.66,48,68.32
m5_mlp,both,vidd_3,18,6190.3,1659.0,0,,,,42,40.38
